nb Points,mcds Li,mcds Steiner,densite,temps Li,temps Steiner
800,205,266,0.0012575205380100374,80.069162768,277.552644922
1000,210,273,0.0015719006725125467,119.871585921,513.431125065
1300,213,282,0.0020434708742663107,191.435991282,1131.48504812
1500,215,289,0.00235785100876882,242.724996219,1694.548642312