nbPoints,score,densite,temps
800,625.74,5.156620156177409E7,9996400762
1000,795.39,5.156620156177409E7,13719694743
1300,1060.37,5.156620156177409E7,21246461673
1500,1238.53,5.156620156177409E7,27991237170
